,prob1,prob2,influence,multilinear_influence,absolute_error
0,0.0,0.0,0.0,0.0,0.0
1,0.0,0.05,0.131,0.13097,3.0000000000002247e-05
2,0.0,0.1,0.2656,0.26194,0.0036599999999999966
3,0.0,0.15000000000000002,0.389,0.3929100000000001,0.00391000000000008
4,0.0,0.2,0.5518,0.52388,0.027919999999999945
5,0.0,0.25,0.6706,0.65485,0.01574999999999993
6,0.0,0.30000000000000004,0.8238,0.7858200000000002,0.03797999999999979
7,0.0,0.35000000000000003,0.89,0.9167900000000001,0.02679000000000009
8,0.0,0.4,1.047,1.04776,0.0007600000000000939
9,0.0,0.45,1.229,1.17873,0.05027000000000004
10,0.0,0.5,1.328,1.3097,0.018299999999999983
11,0.0,0.55,1.4468,1.4406700000000001,0.006129999999999969
12,0.0,0.6000000000000001,1.591,1.5716400000000004,0.0193599999999996
13,0.0,0.65,1.7066,1.7026100000000002,0.003989999999999716
14,0.0,0.7000000000000001,1.823,1.8335800000000002,0.010580000000000256
15,0.0,0.75,1.9786,1.96455,0.014049999999999896
16,0.0,0.8,2.117,2.09552,0.021479999999999944
17,0.0,0.8500000000000001,2.2228,2.2264900000000005,0.003690000000000637
18,0.0,0.9,2.4012,2.35746,0.04373999999999967
19,0.0,0.9500000000000001,2.5368,2.48843,0.0483699999999998
20,0.0,1.0,2.6194,2.6194,0.0
21,0.05,0.0,0.2152,0.19078,0.024419999999999997
22,0.05,0.05,0.3382,0.319636,0.018564000000000025
23,0.05,0.1,0.4938,0.448492,0.045308000000000015
24,0.05,0.15000000000000002,0.5712,0.5773480000000001,0.006148000000000042
25,0.05,0.2,0.6788,0.706204,0.027404000000000095
26,0.05,0.25,0.7958,0.8350600000000001,0.039260000000000184
27,0.05,0.30000000000000004,0.9212,0.9639160000000001,0.04271600000000009
28,0.05,0.35000000000000003,1.1042,1.092772,0.011427999999999994
29,0.05,0.4,1.1874,1.221628,0.034227999999999925
30,0.05,0.45,1.4284,1.3504840000000002,0.07791599999999965
31,0.05,0.5,1.4594,1.47934,0.01994000000000007
32,0.05,0.55,1.6486,1.608196,0.040404000000000106
33,0.05,0.6000000000000001,1.8268,1.7370520000000003,0.08974799999999972
34,0.05,0.65,1.8626,1.865908,0.0033079999999998666
35,0.05,0.7000000000000001,1.9484,1.9947640000000002,0.046364000000000294
36,0.05,0.75,2.1222,2.12362,0.0014199999999999768
37,0.05,0.8,2.3402,2.252476,0.08772399999999969
38,0.05,0.8500000000000001,2.4246,2.3813320000000004,0.04326799999999942
39,0.05,0.9,2.5842,2.5101880000000003,0.07401199999999974
40,0.05,0.9500000000000001,2.7276,2.639044,0.08855599999999964
41,0.05,1.0,2.7804,2.7679,0.012500000000000178
42,0.1,0.0,0.3924,0.38156,0.010840000000000016
43,0.1,0.05,0.4958,0.508302,0.012502000000000013
44,0.1,0.1,0.6568,0.635044,0.021755999999999998
45,0.1,0.15000000000000002,0.7476,0.7617860000000002,0.014186000000000143
46,0.1,0.2,0.9022,0.8885280000000002,0.013671999999999795
47,0.1,0.25,0.9964,1.0152700000000001,0.018870000000000164
48,0.1,0.30000000000000004,1.1226,1.1420120000000002,0.019412000000000207
49,0.1,0.35000000000000003,1.2814,1.2687540000000004,0.012645999999999713
50,0.1,0.4,1.4154,1.395496,0.019903999999999922
51,0.1,0.45,1.602,1.5222380000000002,0.07976199999999989
52,0.1,0.5,1.686,1.6489800000000001,0.03701999999999983
53,0.1,0.55,1.8912,1.7757220000000002,0.11547799999999975
54,0.1,0.6000000000000001,1.9274,1.9024640000000006,0.024935999999999403
55,0.1,0.65,1.9926,2.0292060000000003,0.03660600000000036
56,0.1,0.7000000000000001,2.199,2.1559480000000004,0.043051999999999424
57,0.1,0.75,2.2924,2.2826900000000006,0.009709999999999663
58,0.1,0.8,2.4842,2.4094320000000007,0.07476799999999928
59,0.1,0.8500000000000001,2.5394,2.536174000000001,0.003225999999999285
60,0.1,0.9,2.6726,2.6629160000000005,0.009683999999999582
61,0.1,0.9500000000000001,2.8346,2.789658,0.044941999999999815
62,0.1,1.0,2.8928,2.9164000000000003,0.02360000000000051
63,0.15000000000000002,0.0,0.5754,0.5723400000000001,0.0030599999999999516
64,0.15000000000000002,0.05,0.6968,0.6969680000000001,0.00016800000000016801
65,0.15000000000000002,0.1,0.8448,0.8215960000000002,0.02320399999999978
66,0.15000000000000002,0.15000000000000002,0.9274,0.9462240000000001,0.018824000000000063
67,0.15000000000000002,0.2,1.1292,1.0708520000000004,0.05834799999999962
68,0.15000000000000002,0.25,1.267,1.19548,0.0715199999999998
69,0.15000000000000002,0.30000000000000004,1.2864,1.3201080000000003,0.03370800000000029
70,0.15000000000000002,0.35000000000000003,1.4506,1.4447360000000002,0.005863999999999647
71,0.15000000000000002,0.4,1.5728,1.5693640000000002,0.0034359999999997726
72,0.15000000000000002,0.45,1.6596,1.6939920000000002,0.0343920000000002
73,0.15000000000000002,0.5,1.8212,1.8186200000000001,0.0025799999999998047
74,0.15000000000000002,0.55,1.9558,1.9432480000000003,0.012551999999999675
75,0.15000000000000002,0.6000000000000001,2.0522,2.067876,0.015676000000000023
76,0.15000000000000002,0.65,2.3006,2.192504,0.10809600000000019
77,0.15000000000000002,0.7000000000000001,2.2988,2.3171320000000004,0.01833200000000046
78,0.15000000000000002,0.75,2.4526,2.4417600000000004,0.010839999999999517
79,0.15000000000000002,0.8,2.614,2.566388000000001,0.0476119999999991
80,0.15000000000000002,0.8500000000000001,2.706,2.6910160000000003,0.014983999999999664
81,0.15000000000000002,0.9,2.87,2.8156440000000003,0.05435599999999985
82,0.15000000000000002,0.9500000000000001,2.965,2.9402720000000007,0.024727999999999195
83,0.15000000000000002,1.0,3.0556,3.0649,0.009300000000000086
84,0.2,0.0,0.7416,0.76312,0.021519999999999984
85,0.2,0.05,0.9044,0.8856339999999999,0.01876600000000006
86,0.2,0.1,1.0322,1.008148,0.024051999999999962
87,0.2,0.15000000000000002,1.1654,1.1306620000000003,0.034737999999999714
88,0.2,0.2,1.3138,1.2531760000000003,0.06062399999999979
89,0.2,0.25,1.3806,1.37569,0.00490999999999997
90,0.2,0.30000000000000004,1.5128,1.4982040000000003,0.01459599999999961
91,0.2,0.35000000000000003,1.646,1.620718,0.025281999999999805
92,0.2,0.4,1.732,1.7432320000000003,0.011232000000000353
93,0.2,0.45,1.8738,1.8657460000000001,0.008053999999999784
94,0.2,0.5,2.0026,1.9882600000000001,0.01434000000000002
95,0.2,0.55,2.1182,2.110774,0.007425999999999711
96,0.2,0.6000000000000001,2.232,2.233288000000001,0.001288000000000622
97,0.2,0.65,2.3728,2.355802,0.016997999999999625
98,0.2,0.7000000000000001,2.5126,2.4783160000000004,0.03428399999999954
99,0.2,0.75,2.6254,2.6008300000000006,0.024569999999999315
100,0.2,0.8,2.7324,2.723344000000001,0.009055999999999287
101,0.2,0.8500000000000001,2.7928,2.8458580000000007,0.053058000000000494
102,0.2,0.9,2.994,2.9683720000000005,0.025627999999999762
103,0.2,0.9500000000000001,3.146,3.0908860000000007,0.05511399999999922
104,0.2,1.0,3.255,3.2134,0.04159999999999986
105,0.25,0.0,0.9418,0.9539,0.0121
106,0.25,0.05,1.0864,1.0743,0.0121
107,0.25,0.1,1.1994,1.1947,0.0046999999999999265
108,0.25,0.15000000000000002,1.2858,1.3151000000000002,0.029300000000000104
109,0.25,0.2,1.4742,1.4355000000000002,0.038699999999999735
110,0.25,0.25,1.5608,1.5559,0.004899999999999904
111,0.25,0.30000000000000004,1.6436,1.6763000000000001,0.03270000000000017
112,0.25,0.35000000000000003,1.7654,1.7967,0.031299999999999883
113,0.25,0.4,1.9168,1.9171000000000002,0.000300000000000189
114,0.25,0.45,2.0616,2.0375000000000005,0.024099999999999344
115,0.25,0.5,2.1014,2.1579,0.05650000000000022
116,0.25,0.55,2.3022,2.2783,0.02389999999999981
117,0.25,0.6000000000000001,2.3684,2.3987000000000003,0.030300000000000438
118,0.25,0.65,2.4526,2.5191,0.0665
119,0.25,0.7000000000000001,2.6062,2.6395,0.03330000000000011
120,0.25,0.75,2.7634,2.7599,0.0034999999999998366
121,0.25,0.8,2.8316,2.8803000000000005,0.04870000000000063
122,0.25,0.8500000000000001,3.001,3.0007,0.0002999999999997449
123,0.25,0.9,3.1604,3.1211,0.03929999999999989
124,0.25,0.9500000000000001,3.2482,3.2415000000000003,0.006699999999999928
125,0.25,1.0,3.4156,3.3619000000000003,0.05369999999999964
126,0.30000000000000004,0.0,1.1352,1.1446800000000001,0.009480000000000155
127,0.30000000000000004,0.05,1.2796,1.2629660000000003,0.016633999999999816
128,0.30000000000000004,0.1,1.335,1.3812520000000004,0.046252000000000404
129,0.30000000000000004,0.15000000000000002,1.527,1.499538,0.027461999999999875
130,0.30000000000000004,0.2,1.636,1.6178240000000004,0.018175999999999526
131,0.30000000000000004,0.25,1.699,1.73611,0.037109999999999976
132,0.30000000000000004,0.30000000000000004,1.8802,1.8543960000000004,0.025803999999999716
133,0.30000000000000004,0.35000000000000003,1.982,1.9726820000000003,0.009317999999999715
134,0.30000000000000004,0.4,2.0992,2.090968,0.008232000000000017
135,0.30000000000000004,0.45,2.1952,2.2092540000000005,0.014054000000000677
136,0.30000000000000004,0.5,2.3434,2.32754,0.015859999999999985
137,0.30000000000000004,0.55,2.4366,2.4458260000000003,0.0092260000000004
138,0.30000000000000004,0.6000000000000001,2.5452,2.5641120000000006,0.018912000000000706
139,0.30000000000000004,0.65,2.7008,2.682398,0.01840200000000003
140,0.30000000000000004,0.7000000000000001,2.814,2.8006840000000004,0.013315999999999661
141,0.30000000000000004,0.75,2.919,2.9189700000000003,2.9999999999752447e-05
142,0.30000000000000004,0.8,3.0284,3.037256,0.008856000000000197
143,0.30000000000000004,0.8500000000000001,3.1974,3.1555420000000005,0.04185799999999951
144,0.30000000000000004,0.9,3.3082,3.273828000000001,0.03437199999999896
145,0.30000000000000004,0.9500000000000001,3.3828,3.3921140000000007,0.00931400000000071
146,0.30000000000000004,1.0,3.5146,3.5104000000000006,0.0041999999999995374
147,0.35000000000000003,0.0,1.3358,1.33546,0.00034000000000000696
148,0.35000000000000003,0.05,1.4548,1.451632,0.0031680000000000597
149,0.35000000000000003,0.1,1.5786,1.5678040000000002,0.010795999999999806
150,0.35000000000000003,0.15000000000000002,1.7256,1.6839760000000004,0.04162399999999966
151,0.35000000000000003,0.2,1.7614,1.800148,0.038748000000000005
152,0.35000000000000003,0.25,1.9856,1.91632,0.06928000000000001
153,0.35000000000000003,0.30000000000000004,2.0152,2.032492,0.017291999999999863
154,0.35000000000000003,0.35000000000000003,2.1914,2.148664,0.04273599999999966
155,0.35000000000000003,0.4,2.2384,2.2648360000000003,0.026436000000000348
156,0.35000000000000003,0.45,2.4174,2.3810080000000005,0.03639199999999976
157,0.35000000000000003,0.5,2.5216,2.49718,0.024419999999999664
158,0.35000000000000003,0.55,2.6082,2.613352,0.005151999999999823
159,0.35000000000000003,0.6000000000000001,2.7874,2.7295240000000005,0.05787599999999937
160,0.35000000000000003,0.65,2.815,2.8456960000000002,0.03069600000000028
161,0.35000000000000003,0.7000000000000001,2.9532,2.9618680000000004,0.008668000000000564
162,0.35000000000000003,0.75,3.077,3.07804,0.001040000000000152
163,0.35000000000000003,0.8,3.2164,3.194212,0.02218800000000032
164,0.35000000000000003,0.8500000000000001,3.3268,3.310384,0.016415999999999986
165,0.35000000000000003,0.9,3.4718,3.4265560000000006,0.045243999999999396
166,0.35000000000000003,0.9500000000000001,3.5724,3.5427280000000003,0.0296719999999997
167,0.35000000000000003,1.0,3.692,3.6589,0.03310000000000013
168,0.4,0.0,1.5132,1.52624,0.01303999999999994
169,0.4,0.05,1.6304,1.6402979999999998,0.00989799999999974
170,0.4,0.1,1.7582,1.7543560000000002,0.0038439999999997365
171,0.4,0.15000000000000002,1.9126,1.8684140000000002,0.044185999999999837
172,0.4,0.2,1.968,1.9824720000000002,0.014472000000000262
173,0.4,0.25,2.1224,2.0965300000000004,0.025869999999999393
174,0.4,0.30000000000000004,2.2554,2.210588,0.04481199999999985
175,0.4,0.35000000000000003,2.3232,2.324646,0.0014460000000000583
176,0.4,0.4,2.4268,2.438704,0.011903999999999915
177,0.4,0.45,2.6132,2.5527620000000004,0.06043799999999955
178,0.4,0.5,2.7714,2.6668200000000004,0.10457999999999945
179,0.4,0.55,2.8012,2.7808780000000004,0.02032199999999973
180,0.4,0.6000000000000001,2.9574,2.8949360000000004,0.06246399999999941
181,0.4,0.65,3.025,3.0089940000000004,0.01600599999999952
182,0.4,0.7000000000000001,3.0886,3.1230520000000004,0.03445200000000037
183,0.4,0.75,3.1996,3.2371100000000004,0.037510000000000154
184,0.4,0.8,3.4358,3.3511680000000004,0.0846319999999996
185,0.4,0.8500000000000001,3.4926,3.465226000000001,0.02737399999999912
186,0.4,0.9,3.6172,3.5792840000000004,0.03791599999999962
187,0.4,0.9500000000000001,3.7058,3.6933420000000003,0.012457999999999636
188,0.4,1.0,3.8242,3.8074000000000003,0.016799999999999482
189,0.45,0.0,1.7334,1.71702,0.01638000000000006
190,0.45,0.05,1.891,1.828964,0.06203599999999998
191,0.45,0.1,1.9584,1.940908,0.01749199999999984
192,0.45,0.15000000000000002,2.019,2.052852,0.03385199999999999
193,0.45,0.2,2.2108,2.1647960000000004,0.04600399999999949
194,0.45,0.25,2.2258,2.27674,0.05094000000000021
195,0.45,0.30000000000000004,2.3958,2.3886840000000005,0.007115999999999456
196,0.45,0.35000000000000003,2.5258,2.500628,0.025171999999999972
197,0.45,0.4,2.6968,2.6125720000000006,0.08422799999999953
198,0.45,0.45,2.6378,2.7245160000000004,0.08671600000000046
199,0.45,0.5,2.8782,2.83646,0.04173999999999989
200,0.45,0.55,2.9734,2.9484040000000005,0.024995999999999352
201,0.45,0.6000000000000001,3.0728,3.0603480000000003,0.012451999999999686
202,0.45,0.65,3.2012,3.1722920000000006,0.02890799999999949
203,0.45,0.7000000000000001,3.3234,3.284236000000001,0.03916399999999909
204,0.45,0.75,3.432,3.3961800000000006,0.0358199999999993
205,0.45,0.8,3.5136,3.5081240000000005,0.00547599999999937
206,0.45,0.8500000000000001,3.6428,3.6200680000000003,0.02273199999999953
207,0.45,0.9,3.7702,3.732012,0.03818799999999989
208,0.45,0.9500000000000001,3.854,3.8439560000000004,0.01004399999999972
209,0.45,1.0,3.9696,3.9559000000000006,0.013699999999999157
210,0.5,0.0,1.8882,1.9078,0.01959999999999984
211,0.5,0.05,2.0986,2.0176299999999996,0.08097000000000021
212,0.5,0.1,2.1264,2.12746,0.001060000000000283
213,0.5,0.15000000000000002,2.2542,2.23729,0.016910000000000203
214,0.5,0.2,2.2978,2.3471200000000003,0.04932000000000025
215,0.5,0.25,2.4806,2.45695,0.02364999999999995
216,0.5,0.30000000000000004,2.5266,2.56678,0.04017999999999988
217,0.5,0.35000000000000003,2.7014,2.6766099999999997,0.024790000000000312
218,0.5,0.4,2.8038,2.7864400000000002,0.017359999999999598
219,0.5,0.45,2.8458,2.8962700000000003,0.05047000000000024
220,0.5,0.5,3.0324,3.0061000000000004,0.026299999999999546
221,0.5,0.55,3.1432,3.11593,0.027270000000000127
222,0.5,0.6000000000000001,3.2148,3.22576,0.010960000000000303
223,0.5,0.65,3.326,3.33559,0.009589999999999765
224,0.5,0.7000000000000001,3.48,3.4454200000000004,0.03457999999999961
225,0.5,0.75,3.551,3.55525,0.004249999999999865
226,0.5,0.8,3.6682,3.6650800000000006,0.0031199999999995676
227,0.5,0.8500000000000001,3.7488,3.77491,0.026110000000000078
228,0.5,0.9,3.755,3.88474,0.12973999999999997
229,0.5,0.9500000000000001,3.9782,3.99457,0.016369999999999774
230,0.5,1.0,4.1676,4.1044,0.06320000000000014
231,0.55,0.0,2.1568,2.09858,0.05821999999999994
232,0.55,0.05,2.2406,2.206296,0.03430400000000011
233,0.55,0.1,2.3226,2.3140120000000004,0.008587999999999596
234,0.55,0.15000000000000002,2.4278,2.4217280000000003,0.006071999999999633
235,0.55,0.2,2.5052,2.529444,0.024243999999999932
236,0.55,0.25,2.6856,2.63716,0.04843999999999982
237,0.55,0.30000000000000004,2.718,2.7448760000000005,0.026876000000000566
238,0.55,0.35000000000000003,2.8626,2.852592,0.010008000000000017
239,0.55,0.4,2.9106,2.960308,0.04970799999999986
240,0.55,0.45,3.0444,3.0680240000000003,0.02362400000000031
241,0.55,0.5,3.2208,3.1757400000000002,0.04505999999999988
242,0.55,0.55,3.2178,3.2834560000000006,0.0656560000000006
243,0.55,0.6000000000000001,3.442,3.3911720000000005,0.05082799999999965
244,0.55,0.65,3.4946,3.4988880000000004,0.004288000000000292
245,0.55,0.7000000000000001,3.6158,3.6066040000000004,0.00919599999999976
246,0.55,0.75,3.7372,3.7143200000000003,0.02287999999999979
247,0.55,0.8,3.8474,3.822036,0.02536399999999972
248,0.55,0.8500000000000001,3.9112,3.9297520000000006,0.018552000000000568
249,0.55,0.9,3.9876,4.0374680000000005,0.04986800000000047
250,0.55,0.9500000000000001,4.1636,4.145184,0.018415999999999322
251,0.55,1.0,4.263,4.2529,0.010099999999999554
252,0.6000000000000001,0.0,2.3068,2.2893600000000003,0.017439999999999678
253,0.6000000000000001,0.05,2.3822,2.3949620000000005,0.012762000000000384
254,0.6000000000000001,0.1,2.5518,2.500564000000001,0.05123599999999895
255,0.6000000000000001,0.15000000000000002,2.6336,2.606166,0.02743399999999996
256,0.6000000000000001,0.2,2.7394,2.7117680000000006,0.027631999999999213
257,0.6000000000000001,0.25,2.8362,2.8173700000000004,0.01882999999999946
258,0.6000000000000001,0.30000000000000004,2.9078,2.922972000000001,0.015172000000001074
259,0.6000000000000001,0.35000000000000003,3.0392,3.0285740000000003,0.010625999999999802
260,0.6000000000000001,0.4,3.1534,3.1341760000000005,0.019223999999999464
261,0.6000000000000001,0.45,3.2848,3.2397780000000007,0.04502199999999945
262,0.6000000000000001,0.5,3.364,3.3453800000000005,0.018619999999999415
263,0.6000000000000001,0.55,3.4994,3.4509820000000007,0.048417999999999406
264,0.6000000000000001,0.6000000000000001,3.5362,3.5565840000000004,0.020384000000000402
265,0.6000000000000001,0.65,3.5996,3.6621860000000006,0.06258600000000047
266,0.6000000000000001,0.7000000000000001,3.826,3.767788000000001,0.058211999999999264
267,0.6000000000000001,0.75,3.8388,3.8733900000000006,0.034590000000000565
268,0.6000000000000001,0.8,3.9928,3.9789920000000008,0.013807999999999154
269,0.6000000000000001,0.8500000000000001,4.1028,4.084594000000001,0.01820599999999928
270,0.6000000000000001,0.9,4.175,4.190196000000001,0.01519600000000132
271,0.6000000000000001,0.9500000000000001,4.2956,4.295798000000001,0.00019800000000103068
272,0.6000000000000001,1.0,4.3438,4.401400000000001,0.05760000000000076
273,0.65,0.0,2.5014,2.48014,0.021259999999999835
274,0.65,0.05,2.5556,2.583628,0.028027999999999942
275,0.65,0.1,2.6052,2.687116,0.0819160000000001
276,0.65,0.15000000000000002,2.8046,2.790604,0.01399600000000012
277,0.65,0.2,2.8546,2.8940920000000006,0.03949200000000053
278,0.65,0.25,3.0246,2.9975800000000006,0.027019999999999378
279,0.65,0.30000000000000004,3.095,3.101068,0.006067999999999962
280,0.65,0.35000000000000003,3.2532,3.204556,0.04864399999999991
281,0.65,0.4,3.317,3.308044,0.008955999999999964
282,0.65,0.45,3.442,3.4115320000000002,0.03046799999999994
283,0.65,0.5,3.4734,3.5150200000000003,0.041620000000000434
284,0.65,0.55,3.6066,3.6185080000000003,0.011908000000000474
285,0.65,0.6000000000000001,3.7224,3.7219960000000003,0.0004039999999996269
286,0.65,0.65,3.907,3.8254840000000003,0.0815159999999997
287,0.65,0.7000000000000001,3.8852,3.9289720000000004,0.043772000000000144
288,0.65,0.75,4.005,4.03246,0.027460000000000484
289,0.65,0.8,4.127,4.135948,0.008948000000000178
290,0.65,0.8500000000000001,4.2354,4.239436,0.004036000000000151
291,0.65,0.9,4.3514,4.342924000000001,0.00847599999999904
292,0.65,0.9500000000000001,4.4796,4.4464120000000005,0.03318799999999911
293,0.65,1.0,4.4926,4.5499,0.057299999999999685
294,0.7000000000000001,0.0,2.6858,2.67092,0.014879999999999782
295,0.7000000000000001,0.05,2.7634,2.772294,0.00889400000000018
296,0.7000000000000001,0.1,2.913,2.8736680000000003,0.03933199999999948
297,0.7000000000000001,0.15000000000000002,2.9124,2.9750420000000006,0.06264200000000075
298,0.7000000000000001,0.2,3.0622,3.076416,0.014216000000000228
299,0.7000000000000001,0.25,3.1776,3.17779,0.00018999999999991246
300,0.7000000000000001,0.30000000000000004,3.2998,3.2791639999999997,0.0206360000000001
301,0.7000000000000001,0.35000000000000003,3.3642,3.3805380000000005,0.01633800000000063
302,0.7000000000000001,0.4,3.4798,3.481912000000001,0.00211200000000078
303,0.7000000000000001,0.45,3.63,3.583286000000001,0.04671399999999881
304,0.7000000000000001,0.5,3.6942,3.6846600000000005,0.009539999999999438
305,0.7000000000000001,0.55,3.7862,3.7860340000000003,0.00016599999999966641
306,0.7000000000000001,0.6000000000000001,3.879,3.887408,0.008408000000000193
307,0.7000000000000001,0.65,4.0222,3.9887820000000005,0.03341799999999928
308,0.7000000000000001,0.7000000000000001,4.0474,4.090156,0.04275600000000068
309,0.7000000000000001,0.75,4.217,4.19153,0.025469999999999438
310,0.7000000000000001,0.8,4.3148,4.292904,0.021895999999999916
311,0.7000000000000001,0.8500000000000001,4.4476,4.394278000000001,0.05332199999999965
312,0.7000000000000001,0.9,4.5312,4.495652000000001,0.03554799999999947
313,0.7000000000000001,0.9500000000000001,4.564,4.597026000000001,0.03302600000000133
314,0.7000000000000001,1.0,4.6864,4.6984,0.012000000000000455
315,0.75,0.0,2.867,2.8617,0.005300000000000082
316,0.75,0.05,2.9634,2.9609599999999996,0.002440000000000442
317,0.75,0.1,3.0594,3.06022,0.0008200000000000429
318,0.75,0.15000000000000002,3.2056,3.1594800000000003,0.04611999999999972
319,0.75,0.2,3.2978,3.2587400000000004,0.03905999999999965
320,0.75,0.25,3.2988,3.358,0.05920000000000014
321,0.75,0.30000000000000004,3.4548,3.4572599999999998,0.0024599999999996847
322,0.75,0.35000000000000003,3.545,3.55652,0.011519999999999975
323,0.75,0.4,3.6562,3.65578,0.00042000000000008697
324,0.75,0.45,3.6858,3.7550400000000006,0.06924000000000063
325,0.75,0.5,3.8368,3.8543,0.017499999999999627
326,0.75,0.55,3.9878,3.9535600000000004,0.034239999999999604
327,0.75,0.6000000000000001,4.0334,4.0528200000000005,0.019420000000000215
328,0.75,0.65,4.125,4.15208,0.02707999999999977
329,0.75,0.7000000000000001,4.24,4.25134,0.011339999999999684
330,0.75,0.75,4.326,4.3506,0.0246000000000004
331,0.75,0.8,4.4028,4.449860000000001,0.04706000000000099
332,0.75,0.8500000000000001,4.5488,4.549120000000001,0.0003200000000012082
333,0.75,0.9,4.6202,4.64838,0.02818000000000076
334,0.75,0.9500000000000001,4.7768,4.7476400000000005,0.029159999999999187
335,0.75,1.0,4.8434,4.8469,0.0034999999999998366
336,0.8,0.0,3.1012,3.05248,0.048719999999999875
337,0.8,0.05,3.1926,3.1496259999999996,0.04297400000000051
338,0.8,0.1,3.2818,3.2467720000000004,0.035027999999999615
339,0.8,0.15000000000000002,3.3836,3.3439180000000004,0.03968199999999955
340,0.8,0.2,3.3984,3.441064000000001,0.0426640000000007
341,0.8,0.25,3.534,3.5382100000000007,0.004210000000000935
342,0.8,0.30000000000000004,3.631,3.635356,0.0043560000000000265
343,0.8,0.35000000000000003,3.7612,3.732502,0.02869799999999989
344,0.8,0.4,3.8218,3.829648,0.007848000000000077
345,0.8,0.45,3.9788,3.926794,0.052006
346,0.8,0.5,4.0154,4.0239400000000005,0.00854000000000088
347,0.8,0.55,4.0724,4.121086000000001,0.048686000000000895
348,0.8,0.6000000000000001,4.2344,4.218232,0.016167999999999516
349,0.8,0.65,4.3086,4.315378,0.006777999999999729
350,0.8,0.7000000000000001,4.4178,4.412524,0.005275999999999392
351,0.8,0.75,4.5156,4.509670000000001,0.005929999999999325
352,0.8,0.8,4.5282,4.606816000000001,0.07861600000000113
353,0.8,0.8500000000000001,4.6512,4.7039620000000015,0.05276200000000131
354,0.8,0.9,4.7996,4.801108,0.0015080000000002869
355,0.8,0.9500000000000001,4.8572,4.8982540000000006,0.04105400000000081
356,0.8,1.0,4.9504,4.995400000000001,0.04500000000000082
357,0.8500000000000001,0.0,3.2562,3.2432600000000003,0.012939999999999952
358,0.8500000000000001,0.05,3.3848,3.338292,0.04650799999999977
359,0.8500000000000001,0.1,3.4186,3.4333240000000007,0.014724000000000625
360,0.8500000000000001,0.15000000000000002,3.5846,3.5283560000000005,0.05624399999999952
361,0.8500000000000001,0.2,3.6132,3.6233880000000007,0.010188000000000752
362,0.8500000000000001,0.25,3.7162,3.71842,0.0022199999999998887
363,0.8500000000000001,0.30000000000000004,3.7714,3.8134520000000003,0.04205200000000042
364,0.8500000000000001,0.35000000000000003,3.8708,3.908484,0.03768400000000005
365,0.8500000000000001,0.4,4.0668,4.003516,0.06328399999999945
366,0.8500000000000001,0.45,4.048,4.098548,0.05054800000000004
367,0.8500000000000001,0.5,4.192,4.193580000000001,0.001580000000000581
368,0.8500000000000001,0.55,4.3114,4.2886120000000005,0.022787999999999364
369,0.8500000000000001,0.6000000000000001,4.3564,4.383644,0.02724400000000049
370,0.8500000000000001,0.65,4.476,4.478676,0.0026760000000001227
371,0.8500000000000001,0.7000000000000001,4.5618,4.573708000000001,0.011908000000000918
372,0.8500000000000001,0.75,4.7146,4.668740000000001,0.045859999999999346
373,0.8500000000000001,0.8,4.7322,4.763772000000001,0.03157200000000149
374,0.8500000000000001,0.8500000000000001,4.8566,4.858804000000001,0.002204000000000761
375,0.8500000000000001,0.9,4.965,4.953836000000001,0.011163999999999064
376,0.8500000000000001,0.9500000000000001,5.0344,5.048868,0.014467999999999925
377,0.8500000000000001,1.0,5.1296,5.1439,0.014300000000000423
378,0.9,0.0,3.4206,3.43404,0.013440000000000119
379,0.9,0.05,3.5682,3.526958,0.041242
380,0.9,0.1,3.6248,3.619876,0.0049239999999999284
381,0.9,0.15000000000000002,3.6416,3.712794,0.0711940000000002
382,0.9,0.2,3.82,3.8057120000000006,0.01428799999999919
383,0.9,0.25,3.9112,3.89863,0.012570000000000192
384,0.9,0.30000000000000004,3.9982,3.9915480000000003,0.00665199999999988
385,0.9,0.35000000000000003,4.0962,4.084466,0.011733999999999689
386,0.9,0.4,4.1638,4.177384000000001,0.013584000000000707
387,0.9,0.45,4.2542,4.270302000000001,0.01610200000000095
388,0.9,0.5,4.329,4.36322,0.03422000000000036
389,0.9,0.55,4.4378,4.456138,0.018337999999999965
390,0.9,0.6000000000000001,4.534,4.549056,0.015056000000000402
391,0.9,0.65,4.6346,4.641974000000001,0.007374000000001324
392,0.9,0.7000000000000001,4.736,4.734892000000001,0.0011079999999985546
393,0.9,0.75,4.7838,4.827810000000001,0.04401000000000099
394,0.9,0.8,4.8712,4.920728000000001,0.04952800000000135
395,0.9,0.8500000000000001,5.0238,5.013646,0.010153999999999996
396,0.9,0.9,5.0696,5.106564,0.03696399999999933
397,0.9,0.9500000000000001,5.1836,5.199482000000001,0.015882000000000396
398,0.9,1.0,5.247,5.292400000000001,0.04540000000000077
399,0.9500000000000001,0.0,3.66,3.62482,0.03517999999999999
400,0.9500000000000001,0.05,3.7346,3.715624,0.018975999999999882
401,0.9500000000000001,0.1,3.7784,3.8064280000000004,0.028028000000000386
402,0.9500000000000001,0.15000000000000002,3.901,3.897232,0.0037679999999999936
403,0.9500000000000001,0.2,4.0006,3.9880360000000006,0.012563999999999798
404,0.9500000000000001,0.25,4.0576,4.0788400000000005,0.021240000000000592
405,0.9500000000000001,0.30000000000000004,4.1804,4.169644000000001,0.010755999999998878
406,0.9500000000000001,0.35000000000000003,4.2476,4.260448,0.01284799999999997
407,0.9500000000000001,0.4,4.368,4.351252000000001,0.016747999999999763
408,0.9500000000000001,0.45,4.4138,4.442056000000001,0.028256000000000725
409,0.9500000000000001,0.5,4.5804,4.53286,0.047539999999999694
410,0.9500000000000001,0.55,4.6292,4.623664,0.005536000000000207
411,0.9500000000000001,0.6000000000000001,4.6456,4.714468000000001,0.06886800000000104
412,0.9500000000000001,0.65,4.7646,4.805272,0.04067200000000071
413,0.9500000000000001,0.7000000000000001,4.9032,4.896076000000002,0.007123999999998354
414,0.9500000000000001,0.75,4.981,4.986880000000001,0.005880000000001218
415,0.9500000000000001,0.8,5.0824,5.077684000000001,0.004715999999998388
416,0.9500000000000001,0.8500000000000001,5.1462,5.168488000000001,0.02228800000000053
417,0.9500000000000001,0.9,5.2064,5.259292,0.05289199999999994
418,0.9500000000000001,0.9500000000000001,5.3534,5.350096000000001,0.0033039999999990854
419,0.9500000000000001,1.0,5.4182,5.4409,0.022700000000000387
420,1.0,0.0,3.8156,3.8156,0.0
421,1.0,0.05,3.9392,3.9042899999999996,0.03491000000000044
422,1.0,0.1,4.0192,3.99298,0.026219999999999466
423,1.0,0.15000000000000002,4.0646,4.08167,0.017069999999999474
424,1.0,0.2,4.1328,4.1703600000000005,0.037560000000000926
425,1.0,0.25,4.2366,4.25905,0.02245000000000008
426,1.0,0.30000000000000004,4.3446,4.34774,0.0031400000000001427
427,1.0,0.35000000000000003,4.4124,4.43643,0.024029999999999774
428,1.0,0.4,4.4804,4.52512,0.04471999999999987
429,1.0,0.45,4.6134,4.613810000000001,0.00041000000000046555
430,1.0,0.5,4.6598,4.702500000000001,0.04270000000000085
431,1.0,0.55,4.7504,4.79119,0.040790000000000326
432,1.0,0.6000000000000001,4.8242,4.87988,0.05567999999999973
433,1.0,0.65,4.931,4.96857,0.03756999999999966
434,1.0,0.7000000000000001,5.0434,5.05726,0.013860000000000205
435,1.0,0.75,5.1506,5.14595,0.004649999999999821
436,1.0,0.8,5.2548,5.234640000000001,0.020159999999999734
437,1.0,0.8500000000000001,5.302,5.32333,0.021330000000000737
438,1.0,0.9,5.4056,5.41202,0.006420000000000314
439,1.0,0.9500000000000001,5.4616,5.50071,0.03910999999999998
440,1.0,1.0,5.5894,5.5894,0.0
